,ID,IMG,CATEGORY,CODE
0,0,001c8f6b-e12f-4d63-940d-ae282304e8cf.jpg,checkbox_checked,3
1,1,003b2318-3e2d-4bd3-83ce-b91ced68d15f.jpg,checkbox_checked,3
2,2,00539a12-6657-4bc1-a6d4-d5c15036e862.jpg,checkbox_checked,3
3,3,00678d41-ea8b-4ee9-9303-de1346119e11.jpg,checkbox_checked,3
4,4,007eb61b-dc1f-4ac3-9115-3333dea2fdd1.jpg,checkbox_checked,3
5,5,00927253-79d3-4ff6-ac25-ab3ce88132f9.jpg,checkbox_checked,3
6,6,00ca16f1-05f4-4556-9cbd-31502049d4e9.jpg,checkbox_checked,3
7,7,00e3eaca-9ca0-4c8e-b7bc-6b58ee9795ca.jpg,checkbox_checked,3
8,8,0200788d-7271-4a15-8a26-301945886891.jpg,checkbox_checked,3
9,9,020da45d-1192-4b85-9296-dd4bb4f93ee5.jpg,checkbox_checked,3
10,10,024283cc-e1f9-4e88-995d-3b17e174b83a.jpg,checkbox_checked,3
11,11,025f1c86-aebb-4501-8045-c11c47974126.jpg,checkbox_checked,3
12,12,02b38c42-deba-4b5f-a3b2-bd63c229ea0f.jpg,checkbox_checked,3
13,13,02f8a21f-8edc-4144-a3a8-01455e8ff620.jpg,checkbox_checked,3
14,14,03ec6d01-9cc1-49e2-b9b6-f5ddd7d538fe.jpg,checkbox_checked,3
15,15,047ce0d2-15b4-477a-9ff6-c36a16123694.jpg,checkbox_checked,3
16,16,04a7fcb5-d009-4f30-a786-7e1df757ce99.jpg,checkbox_checked,3
17,17,04bde951-2dee-4275-87fa-16bd1ac5afb6.jpg,checkbox_checked,3
18,18,0587480e-f075-4f02-9a56-1edf96c83e7f.jpg,checkbox_checked,3
19,19,05ff920f-e0a0-49d8-a640-b9a54bd1f10d.jpg,checkbox_checked,3
20,20,06fc6f59-4cb5-4a0e-bffa-7493d6b9bc70.jpg,checkbox_checked,3
21,21,074224c5-7f89-49aa-98e0-f26444103d6a.jpg,checkbox_checked,3
22,22,0768e6c2-10d9-48c9-8b8c-4025f27c449b.jpg,checkbox_checked,3
23,23,07f0a3f5-f92b-48d0-82f4-6fb24b5dc418.jpg,checkbox_checked,3
24,24,0802b74d-16a3-4dbf-b2a2-ba481e7e8dd6.jpg,checkbox_checked,3
25,25,08a0f494-1c6f-46f9-99e4-066c99b56951.jpg,checkbox_checked,3
26,26,08a6a24a-ec22-4148-b59c-0fad20c10123.jpg,checkbox_checked,3
27,27,08d42c63-74cb-4bbd-8a74-073e389285ea.jpg,checkbox_checked,3
28,28,090773ca-baeb-4cbd-9afd-7925203e7132.jpg,checkbox_checked,3
29,29,090efb3d-b397-4954-9f41-9fa826c878af.jpg,checkbox_checked,3
30,30,093d57d9-03cd-41dd-a4b7-575bc7bc96f0.jpg,checkbox_checked,3
31,31,098bab69-c0ff-4013-8cf8-895d612f3640.jpg,checkbox_checked,3
32,32,09a9bfdd-a1a7-4613-a6a8-b8f898d6ae0c.jpg,checkbox_checked,3
33,33,0ac6bb71-334b-4d0d-81d7-2566df7684d3.jpg,checkbox_checked,3
34,34,0b70d58f-81c5-4f47-af87-74e715bc3821.jpg,checkbox_checked,3
35,35,0b9c6e87-e7a9-41b5-84f3-b4a6b9d4a786.jpg,checkbox_checked,3
36,36,0be9bb7b-9672-417d-a660-dcc9fe8afad8.jpg,checkbox_checked,3
37,37,0c5a9fb7-646a-48bb-b04f-cb986e87664e.jpg,checkbox_checked,3
38,38,0d46d112-0554-4565-a17b-f92402a03eb5.jpg,checkbox_checked,3
39,39,0d4e95b3-dba9-4c31-a6ed-2711e68f6df3.jpg,checkbox_checked,3
40,40,0d6082a1-875e-4de8-b5df-ded33e72940d.jpg,checkbox_checked,3
41,41,0d7c19ae-724f-4507-bdd9-b5cf4580608f.jpg,checkbox_checked,3
42,42,0de5cb55-6b97-4964-ba6c-bdd9191d8ec4.jpg,checkbox_checked,3
43,43,0df02565-377a-447d-84a0-b4344437631e.jpg,checkbox_checked,3
44,44,0e25e22b-1349-417c-81d7-072aca6a740d.jpg,checkbox_checked,3
45,45,0e28e18c-077b-46ea-9e33-f970d7feb477.jpg,checkbox_checked,3
46,46,0e543e54-7826-4d53-815c-8d73394a9215.jpg,checkbox_checked,3
47,47,0e69e29c-ab53-41fa-83fe-41f6156723ae.jpg,checkbox_checked,3
48,48,0f1060e1-29fe-4d0b-a09a-79753029c361.jpg,checkbox_checked,3
49,49,0fb5b815-0a8d-4caf-8c58-935110cee8fa.jpg,checkbox_checked,3
50,50,10d529df-a62a-46ad-b3d5-88e4bf16583c.jpg,checkbox_checked,3
51,51,111ea27d-0a4f-47c1-aed4-254689398c96.jpg,checkbox_checked,3
52,52,1187132d-70c8-4188-8624-e0629d27a032.jpg,checkbox_checked,3
53,53,11c71981-ba5b-401e-8f25-869510e305c2.jpg,checkbox_checked,3
54,54,11f84d88-9d70-410f-a223-3b70141f2f94.jpg,checkbox_checked,3
55,55,122c1a9b-2361-45b4-9dfc-b470248a4c73.jpg,checkbox_checked,3
56,56,1236bb30-4976-420d-a404-237d61e4253d.jpg,checkbox_checked,3
57,57,1243ce3e-753e-4102-9636-2968728a9153.jpg,checkbox_checked,3
58,58,12f7cd68-a553-4a12-aa2b-83f0560a03c3.jpg,checkbox_checked,3
59,59,134fad27-b719-4b9a-8fdd-fa0ab166984a.jpg,checkbox_checked,3
60,60,13699a76-51bf-4335-a387-fd5a65445879.jpg,checkbox_checked,3
61,61,14032ff8-76fb-4a6e-9be3-c73bb3d9ddf6.jpg,checkbox_checked,3
62,62,143902fe-3b26-4d54-b22a-90f54905fce3.jpg,checkbox_checked,3
63,63,146f4465-d230-4f50-9a30-e7884fad1ef4.jpg,checkbox_checked,3
64,64,14f17e9a-470e-45c2-8350-1c033c0284a1.jpg,checkbox_checked,3
65,65,15421640-e268-49a6-9150-d5dac792960a.jpg,checkbox_checked,3
66,66,15553e18-0ba0-43a3-a630-b935feadafc9.jpg,checkbox_checked,3
67,67,15cfbf4d-34f6-4682-bcdc-ae6a715b9612.jpg,checkbox_checked,3
68,68,15e2ddb8-ba3e-4499-996d-2448ba173ce6.jpg,checkbox_checked,3
69,69,160c52e2-9451-4361-812d-30094d0be17b.jpg,checkbox_checked,3
70,70,1619b5c3-f456-415b-87b3-874a85fd0476.jpg,checkbox_checked,3
71,71,1638669d-f680-4ad9-9a7f-d649bab3e0c1.jpg,checkbox_checked,3
72,72,16918ae8-b8dd-48a5-b432-f72b9f32e5bd.jpg,checkbox_checked,3
73,73,16bf6905-184b-4636-9ea5-18bc2b5d3427.jpg,checkbox_checked,3
74,74,1716b971-aef8-4b3c-b947-f80d74df552b.jpg,checkbox_checked,3
75,75,17557f25-9821-4196-a341-61ece24ebc79.jpg,checkbox_checked,3
76,76,177ac888-09d7-45a0-9215-ab1d53b6f727.jpg,checkbox_checked,3
77,77,17f5e77f-3864-44dd-81d0-bf0c9ad6faf6.jpg,checkbox_checked,3
78,78,18b427e7-e7d6-4125-b8a1-0949da2ab2ec.jpg,checkbox_checked,3
79,79,190d0141-a6fa-4a46-bc22-2021a6df2e8c.jpg,checkbox_checked,3
80,80,1930cdc9-be6e-44e2-986b-f91a933a959c.jpg,checkbox_checked,3
81,81,19a45bdf-b275-4276-832d-0cfe999fbf73.jpg,checkbox_checked,3
82,82,19c9e457-1a65-4e96-9ce1-b1bfd1548419.jpg,checkbox_checked,3
83,83,1a843940-633b-47fc-8951-e7825da1b7c0.jpg,checkbox_checked,3
84,84,1a8daea9-9ecb-49f2-9a1d-1a8891fa3c76.jpg,checkbox_checked,3
85,85,1add0b62-3c00-4726-b29e-613bf3dd715e.jpg,checkbox_checked,3
86,86,1b108f98-86e5-4fa0-87be-d80fb972c04b.jpg,checkbox_checked,3
87,87,1b7de0d6-ea91-40e7-a5f5-7824dbc5d910.jpg,checkbox_checked,3
88,88,1b994183-7529-40d7-88a8-f15dd1d7b2f1.jpg,checkbox_checked,3
89,89,1ba8f769-fad5-478e-929f-1e9bee650ca2.jpg,checkbox_checked,3
90,90,1bc24ca0-5a3b-42b2-a455-54bad72075bf.jpg,checkbox_checked,3
91,91,1c1262c7-9eb9-4c4c-a84e-df6bd5739760.jpg,checkbox_checked,3
92,92,1c405e4c-8222-47c7-830a-565612477611.jpg,checkbox_checked,3
93,93,1c4d0255-e737-4945-bad9-9dd27bf3b2ae.jpg,checkbox_checked,3
94,94,1c6bf11c-9dac-4f8a-b43c-f44775aea7ec.jpg,checkbox_checked,3
95,95,1dbe9550-5e29-4c74-ae35-3ed652ae9fe7.jpg,checkbox_checked,3
96,96,1de1fbbd-ea52-45cd-88bd-61dc55e92e14.jpg,checkbox_checked,3
97,97,1dfbeacb-4ff3-4e54-8bb5-2db1d9e9db65.jpg,checkbox_checked,3
98,98,1e385a88-bf4b-4bb0-a979-dd57ebbbc4b9.jpg,checkbox_checked,3
99,99,1e728404-bd95-457a-bffd-99354236237e.jpg,checkbox_checked,3
100,100,1fcc560d-58fc-4a9e-bf5f-b1b2b16da7d5.jpg,checkbox_checked,3
101,101,20338c1e-6a12-4816-9b40-9577820d3efc.jpg,checkbox_checked,3
102,102,2047106f-589c-4a87-97b0-40c4d354f0e7.jpg,checkbox_checked,3
103,103,20aa5c98-bf0a-48e7-98af-cd440b323d30.jpg,checkbox_checked,3
104,104,20c4194f-43d6-4a83-a5f4-1220dfb98df1.jpg,checkbox_checked,3
105,105,20c5d073-120e-482f-816c-542504a374c5.jpg,checkbox_checked,3
106,106,214a5174-9ddc-421b-bd5e-b2adaf2cf52c.jpg,checkbox_checked,3
107,107,2226e92e-ed7c-4604-9aca-1c0787f34794.jpg,checkbox_checked,3
108,108,2326124c-c5d3-4ccd-a8b7-e21dfcb4d569.jpg,checkbox_checked,3
109,109,234e58a4-41ac-4ba5-a440-cc5eb50b6428.jpg,checkbox_checked,3
110,110,23f12410-2ab6-4785-a398-0da77210a851.jpg,checkbox_checked,3
111,111,24190acb-86e5-4a98-a0f6-e83e03e7f03d.jpg,checkbox_checked,3
112,112,25491991-0f45-4ceb-95d7-f6375fda1f89.jpg,checkbox_checked,3
113,113,255e7f59-d216-4af8-a3a8-ac3b52c1849c.jpg,checkbox_checked,3
114,114,2605cc79-c633-41fb-8a71-d1233ecc400b.jpg,checkbox_checked,3
115,115,261a89a8-a666-451b-a8f3-126051477480.jpg,checkbox_checked,3
116,116,262a958b-af93-4215-8596-3a5557817c47.jpg,checkbox_checked,3
117,117,27152f60-0a79-4109-8d79-3c79cf210289.jpg,checkbox_checked,3
118,118,274eafd7-4f30-41d9-ac20-d9496f0adb41.jpg,checkbox_checked,3
119,119,275c8aff-413d-4381-8f30-c31010ee700a.jpg,checkbox_checked,3
120,120,275f5679-6b7b-4049-94e0-dbe479d78962.jpg,checkbox_checked,3
121,121,27743a96-aefb-406e-bde2-87a43c15bb9f.jpg,checkbox_checked,3
122,122,2782ff03-89d7-484b-bb33-6380d099be27.jpg,checkbox_checked,3
123,123,27a969e6-da60-4037-992a-9ab0f94282bb.jpg,checkbox_checked,3
124,124,27cb51f7-0f8f-4a2a-a4bc-cbbed66fb9cf.jpg,checkbox_checked,3
125,125,2806e1bd-0e67-4132-a477-e3fbe4506b4e.jpg,checkbox_checked,3
126,126,284c7db7-27b2-4d24-b63c-85103ccfdc3a.jpg,checkbox_checked,3
127,127,285ff19b-7133-46dc-a221-30db69b328cd.jpg,checkbox_checked,3
128,128,288bc89c-c8c9-4e41-bcd5-17e66fe934d5.jpg,checkbox_checked,3
129,129,2959f999-822f-4ea2-9f32-5622979d8e73.jpg,checkbox_checked,3
130,130,2a3b56c5-efdb-46d2-bb79-0771bbee69f9.jpg,checkbox_checked,3
131,131,2a3f0222-59bc-42c7-8354-a6cdff500d56.jpg,checkbox_checked,3
132,132,2a5df3ed-08d8-4c15-a184-dda728cd4492.jpg,checkbox_checked,3
133,133,2a7e0c46-cd50-4b30-80fa-20322f81d5fe.jpg,checkbox_checked,3
134,134,2b24af09-377a-4e7c-b6ed-909e1dfd31b8.jpg,checkbox_checked,3
135,135,2b443875-18f0-4513-a20d-f06b60afa7b4.jpg,checkbox_checked,3
136,136,2b6dc5dd-e977-49df-887d-996b2fabf468.jpg,checkbox_checked,3
137,137,2baf5e0d-7e9f-418c-9e5a-3db0565b3639.jpg,checkbox_checked,3
138,138,2bd5f442-6669-4566-9a8c-d063bf5778c0.jpg,checkbox_checked,3
139,139,2be697cd-b66d-47e7-908f-279f8073896f.jpg,checkbox_checked,3
140,140,2caeb56f-5231-4b28-ac09-71bc869b7ad7.jpg,checkbox_checked,3
141,141,2cdd0e3e-0e50-4985-ae49-b85f6a7667ba.jpg,checkbox_checked,3
142,142,2d0c2c76-25ef-458e-8c65-8274dc278d72.jpg,checkbox_checked,3
143,143,2d116f33-d8a8-45e7-b949-2d0a5679ce7e.jpg,checkbox_checked,3
144,144,2d1e5024-761f-44cb-a9d8-70f2b573936c.jpg,checkbox_checked,3
145,145,2d3fd875-77be-407f-afa8-1636fc844e2f.jpg,checkbox_checked,3
146,146,2d6727d3-1d5e-4c11-94b5-dadf29b5e9f7.jpg,checkbox_checked,3
147,147,2dfaffb5-590d-42d1-aec9-48c462d99916.jpg,checkbox_checked,3
148,148,2edbbfff-9d08-4f06-a4d7-b35834fbbc7b.jpg,checkbox_checked,3
149,149,2f23b8b2-63a5-4a79-85b9-6734a25a2a89.jpg,checkbox_checked,3
150,150,2fda0d45-8e5d-4446-ad21-89c1d17d461f.jpg,checkbox_checked,3
151,151,3020135f-cc01-4115-bdfd-f4cd536901d3.jpg,checkbox_checked,3
152,152,3066572d-80bf-40ac-83dc-d63e62d023df.jpg,checkbox_checked,3
153,153,30a6878f-b2bd-4cf1-9bb1-271f4bb576da.jpg,checkbox_checked,3
154,154,30a8a48e-4ab1-4139-98ba-718851e70602.jpg,checkbox_checked,3
155,155,30bc50da-4e0c-4ac8-8ab9-717503877fd9.jpg,checkbox_checked,3
156,156,30be4f79-2a1b-451e-b575-32e5b029d86e.jpg,checkbox_checked,3
157,157,30e57b09-c065-417d-b412-2c279ad3e797.jpg,checkbox_checked,3
158,158,30fc2197-f0ce-440b-af72-7e5246729e26.jpg,checkbox_checked,3
159,159,311bd3c4-18f8-4c80-a979-c334823d4dc2.jpg,checkbox_checked,3
160,160,312b2ef1-9a52-47d0-a688-25ea555b54b1.jpg,checkbox_checked,3
161,161,312ec9b7-e5c3-4c1e-b00a-fa2ac341a056.jpg,checkbox_checked,3
162,162,31423f8d-ed43-41c8-b77f-1807d8a887b5.jpg,checkbox_checked,3
163,163,3151094a-e1a3-46d1-872a-a0d8457c426b.jpg,checkbox_checked,3
164,164,316e6b44-07ef-49b8-b04c-5e35facc99a1.jpg,checkbox_checked,3
165,165,320aeb42-3f6f-4ee2-9384-94ae8cfe3a9f.jpg,checkbox_checked,3
166,166,325eb245-c330-423f-9726-9544caf96885.jpg,checkbox_checked,3
167,167,32c13bdf-554d-4656-a3c4-353b4599a319.jpg,checkbox_checked,3
168,168,333bce92-c4be-4320-8f4b-180b42141652.jpg,checkbox_checked,3
169,169,338acfee-1545-4f50-9752-7de7ee3325c6.jpg,checkbox_checked,3
170,170,33db4099-4f27-4114-896b-b592df73adde.jpg,checkbox_checked,3
171,171,349888d5-16b8-432b-a8e1-35cbf7bfd601.jpg,checkbox_checked,3
172,172,34b7c314-bda4-4317-9408-7aa9e58d11a0.jpg,checkbox_checked,3
173,173,352cec1e-d4fe-4c10-ac79-59ab342eed9b.jpg,checkbox_checked,3
174,174,35711693-744d-4414-9846-c52772f1a685.jpg,checkbox_checked,3
175,175,36da83ca-d25a-469d-94e1-9519803400a8.jpg,checkbox_checked,3
176,176,37456d9f-736e-40c3-95b0-02734e627c18.jpg,checkbox_checked,3
177,177,37624814-01a2-4026-9f99-ad9a24cd07b9.jpg,checkbox_checked,3
178,178,37b6ede2-8eed-445a-b3a8-244ee838eaa3.jpg,checkbox_checked,3
179,179,37f771ba-cf50-48c0-99cb-b25c3cf23e52.jpg,checkbox_checked,3
180,180,380d14d2-6e1b-41ea-9b89-84939142d3d9.jpg,checkbox_checked,3
181,181,396d5801-4e4a-4ca9-a616-8df8504c170e.jpg,checkbox_checked,3
182,182,3a93bd6c-1add-4283-8699-1fef493dbec1.jpg,checkbox_checked,3
183,183,3b0860be-2fd4-48ab-b4a7-e8f64bf4091a.jpg,checkbox_checked,3
184,184,3b15c8c9-dac6-41ec-9a80-47d49227dd6e.jpg,checkbox_checked,3
185,185,3bc29667-c4a5-47b1-b219-ac8e99c043ea.jpg,checkbox_checked,3
186,186,3bd564b8-5c16-4f54-8ee6-881fbec95861.jpg,checkbox_checked,3
187,187,3c0a79b3-6c2f-4e6f-9c7a-2baeaa6f7805.jpg,checkbox_checked,3
188,188,3c67c9ca-2788-426a-b289-b3e90a362a9f.jpg,checkbox_checked,3
189,189,3d35997e-3ca3-4506-81d0-07a8dbb18a14.jpg,checkbox_checked,3
190,190,3dab9eee-9239-4fea-b69b-d1a7ed741ee6.jpg,checkbox_checked,3
191,191,3db09131-2ece-47ee-bfc6-5e1481d8f588.jpg,checkbox_checked,3
192,192,3ddcb0ce-46d2-46e5-beda-3e301cde93ae.jpg,checkbox_checked,3
193,193,3e2d8864-e019-4002-a0a6-4c195bca2872.jpg,checkbox_checked,3
194,194,3e5f3c26-ad19-41f5-8f65-f06b7d18686e.jpg,checkbox_checked,3
195,195,3e8addf3-bd0e-48d2-adb1-7bfa1ec56af8.jpg,checkbox_checked,3
196,196,3f9f4c1c-8dbf-452f-9b31-66e607579924.jpg,checkbox_checked,3
197,197,3fcf1e68-e98e-43e2-ac46-773fa0337c45.jpg,checkbox_checked,3
198,198,4016b98c-1014-4c88-8255-734ea3bb0e0c.jpg,checkbox_checked,3
199,199,40835956-ffed-4a67-a61b-165f07d9c72b.jpg,checkbox_checked,3
200,200,40c7bb5d-eb01-4d8c-bfdc-81b493311175.jpg,checkbox_checked,3
201,201,40d257a4-d18c-4078-9d3e-4d228edda4c9.jpg,checkbox_checked,3
202,202,424aa0b5-9dee-4c0f-8b3a-c50f6fbb0637.jpg,checkbox_checked,3
203,203,4250e67d-7300-4cf7-94ce-6c4fcf1a3129.jpg,checkbox_checked,3
204,204,425e751a-3554-4d5a-be4c-2b9d9ccf274a.jpg,checkbox_checked,3
205,205,429c2a0e-029a-4a43-9fa3-08225ae86386.jpg,checkbox_checked,3
206,206,42ab543e-0314-4034-b56f-8f056de8f427.jpg,checkbox_checked,3
207,207,4353af2b-b300-4d21-999a-5391902dc971.jpg,checkbox_checked,3
208,208,43d86992-f158-493f-b584-1f8de4ccb307.jpg,checkbox_checked,3
209,209,43ec1a8d-b036-4b9e-b7bc-4d2232a91316.jpg,checkbox_checked,3
210,210,44c2767b-77c4-45f9-a78e-223f52a8024a.jpg,checkbox_checked,3
211,211,44ccbddf-cac7-4c10-a49f-bba226cd82bf.jpg,checkbox_checked,3
212,212,4506d93f-7f8a-4c96-a84a-74488e1371bf.jpg,checkbox_checked,3
213,213,45342efa-6106-4e7f-8ebd-aea28894fd04.jpg,checkbox_checked,3
214,214,455be8a8-f681-496c-bac7-bbd7a45aa164.jpg,checkbox_checked,3
215,215,4591a92a-f890-44a4-aa54-e58fe1b3e5ac.jpg,checkbox_checked,3
216,216,45bde65c-17ac-4bfe-be42-6ca7a5e48877.jpg,checkbox_checked,3
217,217,45f269b2-43d8-4986-adc6-0335362545a9.jpg,checkbox_checked,3
218,218,4616b14c-ce47-4dc0-90bd-72e51335acc4.jpg,checkbox_checked,3
219,219,461c3e60-b49f-4b04-b5f6-46db21be867a.jpg,checkbox_checked,3
220,220,467225d0-4325-47ee-a5c2-7cb37e6de973.jpg,checkbox_checked,3
221,221,46c1ead4-6625-40c5-b106-9a1258f7d1e6.jpg,checkbox_checked,3
222,222,473059fd-5b6f-4ea9-a51e-8a32f10ed8cc.jpg,checkbox_checked,3
223,223,48013bb9-3c97-4852-83cf-7a8205ff1850.jpg,checkbox_checked,3
224,224,481b630f-0c31-443b-b191-54811141e021.jpg,checkbox_checked,3
225,225,48436a36-7ab5-4274-abbb-e11d7c560c61.jpg,checkbox_checked,3
226,226,494690ca-f83e-46e3-9c48-f643e5ef2eb3.jpg,checkbox_checked,3
227,227,4959f246-9302-465e-a4d1-01b70d1006be.jpg,checkbox_checked,3
228,228,4967ad88-dcbf-40a5-af0e-6f18989a60f2.jpg,checkbox_checked,3
229,229,49712755-e3a8-481e-82f4-901e7c0c3415.jpg,checkbox_checked,3
230,230,497b4ae1-0345-4d88-8eed-bbf94f18dd6c.jpg,checkbox_checked,3
231,231,497ceaad-e7de-4ac0-b469-5bc4ddb94022.jpg,checkbox_checked,3
232,232,49b51b61-0587-4e5d-8496-18c976d09ac1.jpg,checkbox_checked,3
233,233,4a11af3c-f4a3-4140-875f-39d383d66282.jpg,checkbox_checked,3
234,234,4a34ce91-528d-4f65-a756-183edad9c613.jpg,checkbox_checked,3
235,235,4a3a52a1-7522-467f-9ca6-4bbc9b7f952e.jpg,checkbox_checked,3
236,236,4a91fde4-1b6b-4c86-811b-dc1070578722.jpg,checkbox_checked,3
237,237,4ab9ed22-1339-46ac-9e49-049046952103.jpg,checkbox_checked,3
238,238,4ae3edcc-20c7-449f-ab11-e9ddea195d9f.jpg,checkbox_checked,3
239,239,4ae63b22-bc2b-4f39-bf32-ffe54c39be2d.jpg,checkbox_checked,3
240,240,4aff275c-94a0-46fb-ba47-3a9f61667139.jpg,checkbox_checked,3
241,241,4bfecc9f-47a5-47fc-a97c-685c90fad54a.jpg,checkbox_checked,3
242,242,4cd7b790-8531-446c-9c93-7412ac6acd80.jpg,checkbox_checked,3
243,243,4d87819a-c4a1-4a86-93a0-9ad560478c1a.jpg,checkbox_checked,3
244,244,4e171a17-a9a5-41da-aa6d-47281a149c6f.jpg,checkbox_checked,3
245,245,4eced7ff-2300-4f50-a5fb-0c3c5c99f768.jpg,checkbox_checked,3
246,246,4f0c7203-e5d6-4f46-a5eb-6f560bdb6e93.jpg,checkbox_checked,3
247,247,4f8ffab1-d2bc-415f-958b-6ebab2355905.jpg,checkbox_checked,3
248,248,4fc95099-6c30-4a1f-9626-07feeee3d210.jpg,checkbox_checked,3
249,249,50ab47fc-c13e-4576-83e2-aa876ec0c638.jpg,checkbox_checked,3
250,250,5171d6e2-98ce-43b7-aaa0-204b3335018f.jpg,checkbox_checked,3
251,251,51933326-f996-4db8-a333-d32aea39e857.jpg,checkbox_checked,3
252,252,51f3af26-a776-447f-aa5b-8b7027d01240.jpg,checkbox_checked,3
253,253,51f8f498-837d-43d9-9dd7-a8e1c21e832f.jpg,checkbox_checked,3
254,254,51f9d4dc-5b3a-4498-8227-e6a62a878708.jpg,checkbox_checked,3
255,255,521cd73f-b1cb-4862-a470-f409b72e01a3.jpg,checkbox_checked,3
256,256,5283c1da-60ef-4db9-8ed1-6ec590981285.jpg,checkbox_checked,3
257,257,5341ea82-a98f-44bb-a7d1-c05e63dda9f4.jpg,checkbox_checked,3
258,258,5352026a-6c45-4446-acc7-e441c23cc5cf.jpg,checkbox_checked,3
259,259,5376d986-4307-4ada-aa69-e85ff60daa22.jpg,checkbox_checked,3
260,260,538561b9-c3dd-4fd1-b427-322b648dc3e0.jpg,checkbox_checked,3
261,261,540b3012-ed13-43ba-83b1-40fff353078a.jpg,checkbox_checked,3
262,262,542c5a13-e30e-42d2-978b-9a1efac08756.jpg,checkbox_checked,3
263,263,543305cf-8364-4575-9a38-30fd79a9b59f.jpg,checkbox_checked,3
264,264,544aa659-f002-4125-8af8-f77fd11617a8.jpg,checkbox_checked,3
265,265,54ac08af-009c-4d94-ab5c-f36959f81745.jpg,checkbox_checked,3
266,266,54b3d924-1c3e-41b6-8bcb-ed4dc083455a.jpg,checkbox_checked,3
267,267,555c4a3f-3a2c-4c7f-b235-c4a13cc86d69.jpg,checkbox_checked,3
268,268,55650463-b7d6-4d18-867d-afa644ad466f.jpg,checkbox_checked,3
269,269,55c60e5e-c98f-41fd-bf30-6ecc44791323.jpg,checkbox_checked,3
270,270,55d3609b-d958-4e30-8cb3-683a0082db08.jpg,checkbox_checked,3
271,271,55dcd260-a214-4cc3-8639-75349dde6f0f.jpg,checkbox_checked,3
272,272,5609600d-966e-4e2d-8c38-4c1b43785bb8.jpg,checkbox_checked,3
273,273,56a9f4d6-5980-42e0-8792-7d6624fbd235.jpg,checkbox_checked,3
274,274,5729d904-9e5a-4543-a2c5-3ae8f2b850f9.jpg,checkbox_checked,3
275,275,5758357e-1478-46fd-aeac-3a298b458d95.jpg,checkbox_checked,3
276,276,575fd901-af3b-43b2-86f2-280bc2262feb.jpg,checkbox_checked,3
277,277,578302f8-a462-49e1-9c19-68e30ace1392.jpg,checkbox_checked,3
278,278,58188d17-9a58-4006-b868-0e049fc0a7af.jpg,checkbox_checked,3
279,279,5823d063-5457-4aba-8c23-2fc662f46f26.jpg,checkbox_checked,3
280,280,589222be-aeae-44a0-aac7-0fc461e36bb7.jpg,checkbox_checked,3
281,281,58bd0e81-2d8c-41c7-8b7f-9dfa2158cb7b.jpg,checkbox_checked,3
282,282,59112d2d-cbec-4c96-a5db-078a282c2d8c.jpg,checkbox_checked,3
283,283,598f7cd0-2db5-40aa-8e7f-ef7a43662e0a.jpg,checkbox_checked,3
284,284,5a26d8ce-2612-47bc-a8d7-ef2aff45e958.jpg,checkbox_checked,3
285,285,5afe6419-e09a-4664-9a44-6e8d5a70f84d.jpg,checkbox_checked,3
286,286,5b5a4450-4b5f-414b-8296-a6de7f324848.jpg,checkbox_checked,3
287,287,5bac0ca3-b97b-4a89-89bd-3a1b8b29ccc6.jpg,checkbox_checked,3
288,288,5bf27479-13d1-4d91-9764-02eb24dec53d.jpg,checkbox_checked,3
289,289,5bfd2bc3-34fc-4fa7-a676-b59fe7d09e51.jpg,checkbox_checked,3
290,290,5c3cd5dc-5257-4faf-bcec-e326080177c9.jpg,checkbox_checked,3
291,291,5c99511b-61bb-46be-9f44-3b388f278a34.jpg,checkbox_checked,3
292,292,5cd5fdd8-f033-4e1c-96b4-02ff5db1519c.jpg,checkbox_checked,3
293,293,5d4c0441-6bce-45ff-b15d-2e98aa4d687b.jpg,checkbox_checked,3
294,294,5d71656e-2863-42b7-88e9-23efc99c6ab3.jpg,checkbox_checked,3
295,295,5ecde509-e28a-4607-bab2-ddf0b3e7f9bd.jpg,checkbox_checked,3
296,296,5f093786-7c06-4ec8-8664-545cdae1e5a5.jpg,checkbox_checked,3
297,297,5f0f28b9-d36f-4132-b54d-eb5a855eb1a0.jpg,checkbox_checked,3
298,298,5f15ed32-60d3-412f-9b16-733304fc9420.jpg,checkbox_checked,3
299,299,5f1a7a99-0c85-47c4-aca6-3b22991ea9f0.jpg,checkbox_checked,3
300,300,5f3ebd1b-4005-42ae-8f0b-33d1a65ff3d3.jpg,checkbox_checked,3
301,301,5f4bdf14-5db2-48af-9842-f250bc2eb2ee.jpg,checkbox_checked,3
302,302,5f831946-fda8-4f97-9500-6eca556d8f2c.jpg,checkbox_checked,3
303,303,6076c286-40ec-4c15-bb0e-2b5cacf6a3ae.jpg,checkbox_checked,3
304,304,60a638bd-8853-4091-a49a-0e3dd4a3468e.jpg,checkbox_checked,3
305,305,60c662d0-fbb9-494f-bbd2-7cb2261ca665.jpg,checkbox_checked,3
306,306,60faea60-cb89-41de-a021-fd304389855c.jpg,checkbox_checked,3
307,307,6149b98c-0a04-4527-8a0f-b2feeeae3cea.jpg,checkbox_checked,3
308,308,6197372d-1dda-4cdc-8ce2-82d91d900646.jpg,checkbox_checked,3
309,309,621de709-cbb5-4734-8f7c-0e0e93d44600.jpg,checkbox_checked,3
310,310,6310ee10-9bcd-4a7f-8361-8b5d37645290.jpg,checkbox_checked,3
311,311,632ea31f-0d55-4a88-ad94-c3803b3b9baa.jpg,checkbox_checked,3
312,312,63463361-4f33-4341-84e7-0a5eb2f874af.jpg,checkbox_checked,3
313,313,63c2ba3b-c054-48bc-ad89-66436a0a12a7.jpg,checkbox_checked,3
314,314,64c5dca6-90f0-4b3c-b36a-7d0ead552115.jpg,checkbox_checked,3
315,315,64d57b2d-4e92-467d-babc-697299a4f18d.jpg,checkbox_checked,3
316,316,64dfa8f7-09ec-44cb-9932-f36d04013304.jpg,checkbox_checked,3
317,317,64f45658-af9c-4ac7-aa56-f0bed01d05e0.jpg,checkbox_checked,3
318,318,650a1df8-ad76-4f73-b636-b753be670d2c.jpg,checkbox_checked,3
319,319,6515855f-d874-4929-82b0-45e872150ef7.jpg,checkbox_checked,3
320,320,65260302-32e8-441a-b2a4-91f41a8c6cf3.jpg,checkbox_checked,3
321,321,65871b06-2d31-4b9d-9a63-7d7c43566b30.jpg,checkbox_checked,3
322,322,6604bca6-11b1-4b72-a113-27886df698aa.jpg,checkbox_checked,3
323,323,6611ee09-e858-409f-9806-f9a68c2b75ea.jpg,checkbox_checked,3
324,324,6618b87c-8434-4df1-8ecf-ac743fa966df.jpg,checkbox_checked,3
325,325,66447c83-e9c9-48d3-9a35-6e174cff1d6f.jpg,checkbox_checked,3
326,326,66b786cd-b8b1-479a-a67c-3e6e373a3e5e.jpg,checkbox_checked,3
327,327,66c46c1e-25d1-409e-8c75-72ddec24e638.jpg,checkbox_checked,3
328,328,670996d4-8297-4399-85b5-427fdc929b66.jpg,checkbox_checked,3
329,329,670a235c-1ab5-4d26-8062-8e26ce041e7c.jpg,checkbox_checked,3
330,330,6734ce36-e93f-426f-a9df-f5925e0e0b84.jpg,checkbox_checked,3
331,331,677bc5f2-040a-4e32-970d-38f1121ffd3a.jpg,checkbox_checked,3
332,332,677de960-b267-4139-bddf-89ab9fd77414.jpg,checkbox_checked,3
333,333,67e0fd0f-8181-4182-9448-897053d7d66b.jpg,checkbox_checked,3
334,334,67fde44e-345d-4594-929b-540816e56a43.jpg,checkbox_checked,3
335,335,68586c76-ff39-4355-8106-552d535f0592.jpg,checkbox_checked,3
336,336,6865e444-66da-4dbd-a0dd-c2d4c7f18d35.jpg,checkbox_checked,3
337,337,68a866db-03f7-4f73-910f-f071d7d14131.jpg,checkbox_checked,3
338,338,68fae7ca-a1fc-48a1-ac6e-24ad4b506714.jpg,checkbox_checked,3
339,339,69b66a19-d0ea-4274-9fc3-72e879105947.jpg,checkbox_checked,3
340,340,69e17a6c-9e0f-41ad-9f76-18621d831fff.jpg,checkbox_checked,3
341,341,69e1c2da-189d-448b-804c-d2e46998381c.jpg,checkbox_checked,3
342,342,69ed4971-ac3a-4b1f-a3f3-3df62b8c4110.jpg,checkbox_checked,3
343,343,6a0f08d5-7102-4c40-a922-e8a7394902ce.jpg,checkbox_checked,3
344,344,6a13389e-9eeb-4309-88d9-44140fd5c6dc.jpg,checkbox_checked,3
345,345,6a742e9a-007c-4718-badd-edf28eeac8c8.jpg,checkbox_checked,3
346,346,6ab0c40e-1cfc-4d7c-8cc3-88603cbf45b8.jpg,checkbox_checked,3
347,347,6afd2431-0d8c-4e6a-975e-728684345d9d.jpg,checkbox_checked,3
348,348,6afed7e4-70fb-48f5-b915-88e8e468146b.jpg,checkbox_checked,3
349,349,6b0aa459-eb87-4041-bd3b-36887b7136cc.jpg,checkbox_checked,3
350,350,6b1bfdaf-b56d-4e16-8271-0891fd8af791.jpg,checkbox_checked,3
351,351,6b79be49-28bf-4383-ad0c-a93ce2ab6a2f.jpg,checkbox_checked,3
352,352,6c3c3a43-2a9c-4470-9a13-0fa9a71718e4.jpg,checkbox_checked,3
353,353,6c9448f7-4fc5-4e8f-9572-e93d56e2499d.jpg,checkbox_checked,3
354,354,6cb3d5c1-0044-44fa-9778-4ab3db17f56a.jpg,checkbox_checked,3
355,355,6cb5e466-27f6-4d8d-931f-f3e6e2d7354c.jpg,checkbox_checked,3
356,356,6cd8a487-d2fb-4e66-9d66-679626665401.jpg,checkbox_checked,3
357,357,6ce7a888-0475-4f5a-9b07-b90109910309.jpg,checkbox_checked,3
358,358,6cec2aa9-032b-426d-b196-d88169233297.jpg,checkbox_checked,3
359,359,6cf5c7ff-3a34-42ae-88d3-860121967730.jpg,checkbox_checked,3
360,360,6d2674fd-0925-4c67-af72-bccd34d30d45.jpg,checkbox_checked,3
361,361,6dbd2059-8865-4014-bbc4-83ab4d2def47.jpg,checkbox_checked,3
362,362,6dd373c9-9ecb-497c-a378-398582957c5c.jpg,checkbox_checked,3
363,363,6e71c701-ec04-46b3-8c1e-3a84b5e3733b.jpg,checkbox_checked,3
364,364,6fc3f296-1f9d-470c-83fe-8724e6b6b59e.jpg,checkbox_checked,3
365,365,7070c454-a53a-4409-944a-3a0d6b33b5a3.jpg,checkbox_checked,3
366,366,70952c09-12a2-4a0b-9f93-37cc1cd6b22b.jpg,checkbox_checked,3
367,367,70ea885a-2252-4f32-8696-720c87ecda32.jpg,checkbox_checked,3
368,368,71ce8d95-bcc6-4aa6-bc56-acd391bd681b.jpg,checkbox_checked,3
369,369,71fe1cae-cb9b-462d-ae13-661eb237a294.jpg,checkbox_checked,3
370,370,72244bdd-b1e6-43cc-8186-7a368e5adaf8.jpg,checkbox_checked,3
371,371,7250ad6b-8cce-4702-881d-127287eb0855.jpg,checkbox_checked,3
372,372,727f88b7-4733-4507-b1c7-f5e6af374e09.jpg,checkbox_checked,3
373,373,72d02a30-20fd-4aac-9669-c8063105a741.jpg,checkbox_checked,3
374,374,730a1341-efb8-4aa3-8031-ff09fb6bbacf.jpg,checkbox_checked,3
375,375,7316d35e-77d6-4eaf-8786-7f048737836c.jpg,checkbox_checked,3
376,376,7321f7f2-948d-491a-b2d8-3fb6356907f4.jpg,checkbox_checked,3
377,377,73502a90-7e36-493c-bf3f-b4085f8c7ecf.jpg,checkbox_checked,3
378,378,7363639d-5668-4ed8-9b22-c5c721c593e8.jpg,checkbox_checked,3
379,379,73880c21-2fb0-4194-8468-0e10b72e7702.jpg,checkbox_checked,3
380,380,73ddab7c-9fac-46c1-9aa6-dbfa3eb0251e.jpg,checkbox_checked,3
381,381,746ec4b5-27ba-4672-8f92-f32aeadb3995.jpg,checkbox_checked,3
382,382,74fdc6ef-62b1-4b87-9769-d822ee634c2e.jpg,checkbox_checked,3
383,383,75342fa3-4501-499c-a826-b55d268e08ea.jpg,checkbox_checked,3
384,384,75771079-ab6e-4d37-935e-ecbce67a9ece.jpg,checkbox_checked,3
385,385,75b750dd-6e40-47a5-8165-a40f70315ee9.jpg,checkbox_checked,3
386,386,762ec974-2e19-4676-bd80-adccd533419d.jpg,checkbox_checked,3
387,387,76e1c18f-7dbf-4de4-94f6-bee13d970421.jpg,checkbox_checked,3
388,388,777a557e-f3e3-447c-9925-afb0e68e3e05.jpg,checkbox_checked,3
389,389,77947561-b3aa-49b5-bd07-3b340b067204.jpg,checkbox_checked,3
390,390,77990ea9-32e2-4bf7-8969-206a3d6b782e.jpg,checkbox_checked,3
391,391,77b11a12-acc9-42af-a4de-dbd3b4704038.jpg,checkbox_checked,3
392,392,78375d42-9bf8-4a0e-98d3-ebbd44c046e7.jpg,checkbox_checked,3
393,393,78577ec9-ee5b-4e9f-adbf-e52fad58b909.jpg,checkbox_checked,3
394,394,7879e32e-928b-4d37-89b1-0634c7e7bdd2.jpg,checkbox_checked,3
395,395,78f196a4-cbcf-441f-b022-6e2b99fe24b0.jpg,checkbox_checked,3
396,396,790021c4-c9ba-4ab0-b03e-8b0360238bd5.jpg,checkbox_checked,3
397,397,79aee8c9-f9c6-46f5-b980-586e91abd2e5.jpg,checkbox_checked,3
398,398,79e814c3-1d98-4302-a48d-607184032350.jpg,checkbox_checked,3
399,399,7a50d457-0365-4a5a-a4f9-0834da9aed24.jpg,checkbox_checked,3
400,400,7b1b4408-5781-412a-858b-ad589eadab7d.jpg,checkbox_checked,3
401,401,7b56f68f-6b2f-4510-ba10-d0945bd72173.jpg,checkbox_checked,3
402,402,7b869b90-1106-4edb-b5a7-50fb909a5b1e.jpg,checkbox_checked,3
403,403,7b92237f-2861-4921-8685-c0749083afad.jpg,checkbox_checked,3
404,404,7c30f899-dc9c-4ddf-8149-8bd310b4e211.jpg,checkbox_checked,3
405,405,7d37b8d4-37d9-4c3a-988d-0781596e5175.jpg,checkbox_checked,3
406,406,7d90d269-6f63-4181-bfa3-d5ec8918bc2c.jpg,checkbox_checked,3
407,407,7dfaa19b-1080-42db-8573-d91cf2ad65a6.jpg,checkbox_checked,3
408,408,7e26d805-b264-43cd-8724-9c2986287a0b.jpg,checkbox_checked,3
409,409,7e346e1c-d2e0-4d28-acb5-6f610501e25f.jpg,checkbox_checked,3
410,410,7e84536c-edba-4e77-b131-02a5d6e69e04.jpg,checkbox_checked,3
411,411,7ed3202f-f9e9-412d-ab1f-6879ec4a8958.jpg,checkbox_checked,3
412,412,7f380f67-edb6-4542-9c9d-b09057f87d84.jpg,checkbox_checked,3
413,413,7fd6a367-0e2c-4378-8099-c0cef8fd5436.jpg,checkbox_checked,3
414,414,7fdd3d3f-688b-4469-9a8d-4067946ae535.jpg,checkbox_checked,3
415,415,7fea08b5-d0b2-485a-80f6-ee8a46d933bc.jpg,checkbox_checked,3
416,416,808af636-07d4-4a6e-8d52-1b7a259e6958.jpg,checkbox_checked,3
417,417,80c456ba-5e6d-4325-a185-c1be38e6b981.jpg,checkbox_checked,3
418,418,8111f558-cc13-44cd-b54c-819f98454233.jpg,checkbox_checked,3
419,419,81515d06-fca5-4218-92f9-a276afb60256.jpg,checkbox_checked,3
420,420,8172f589-f27c-450e-b00b-e96e915368da.jpg,checkbox_checked,3
421,421,823c048b-8f43-4376-b42d-5d0bff440469.jpg,checkbox_checked,3
422,422,82510ce7-66f6-4c2d-8a8c-c4679b77c53b.jpg,checkbox_checked,3
423,423,82abc805-e85d-43e6-be74-de4860934cec.jpg,checkbox_checked,3
424,424,8305d384-cf75-4a54-9ff3-6f87d774d209.jpg,checkbox_checked,3
425,425,8340ec57-57cf-4120-9c85-95625775d9bf.jpg,checkbox_checked,3
426,426,8354bc2f-02f0-418a-a2a3-48c3b3cc2693.jpg,checkbox_checked,3
427,427,8359e72a-1225-4019-bfef-3aa07a110572.jpg,checkbox_checked,3
428,428,837d0313-1330-46b7-b740-eeabc10a464c.jpg,checkbox_checked,3
429,429,838e09f1-be38-4257-a433-1cb0db526c89.jpg,checkbox_checked,3
430,430,839cd640-e40f-4826-85f6-7b1700427efe.jpg,checkbox_checked,3
431,431,83a4aeee-6e09-49f3-89da-edd7a63b6ffc.jpg,checkbox_checked,3
432,432,83a557cc-6ffc-450f-975e-fcee2ce9b732.jpg,checkbox_checked,3
433,433,83e7a33f-0590-4a39-8b60-d68f734e1a08.jpg,checkbox_checked,3
434,434,83f37c2c-d991-4b9d-b254-3896a3a00d86.jpg,checkbox_checked,3
435,435,83f6c923-ec41-41d9-b952-ced0c77a8f4d.jpg,checkbox_checked,3
436,436,83fb5bbc-13ef-4794-970d-b586d06d57c8.jpg,checkbox_checked,3
437,437,83ff36de-65b6-4880-8e40-35a552398e57.jpg,checkbox_checked,3
438,438,84bbeb58-5f1b-4b87-96bc-487b240e77f9.jpg,checkbox_checked,3
439,439,85143255-198a-4dd7-ba39-a28cebddf01e.jpg,checkbox_checked,3
440,440,858c7257-4992-4f70-8f9e-024cb95f5e42.jpg,checkbox_checked,3
441,441,86555fe3-e9b6-41bc-b91f-7df3bb8000ab.jpg,checkbox_checked,3
442,442,86994964-7ecb-4f9d-a0c9-df1505a3477b.jpg,checkbox_checked,3
443,443,86d8fc04-e3d9-449b-b748-c608e3ab971f.jpg,checkbox_checked,3
444,444,87832781-80ac-4e78-9186-4a4e9947d6ab.jpg,checkbox_checked,3
445,445,8880a143-d459-4f4d-874c-82bb840e5610.jpg,checkbox_checked,3
446,446,888a58fe-d0e4-4599-a3f1-db65cd6ec751.jpg,checkbox_checked,3
447,447,889b88ec-dae9-4a52-a226-b793abf94249.jpg,checkbox_checked,3
448,448,88b60bad-799e-4a87-9d7f-56bd3fca39f8.jpg,checkbox_checked,3
449,449,88dacbec-098e-4960-89de-14f1c1077159.jpg,checkbox_checked,3
450,450,89196306-f3c2-439b-b95d-81acc85f1b19.jpg,checkbox_checked,3
451,451,8a195b26-0e54-43f7-bbb5-f63533e48e51.jpg,checkbox_checked,3
452,452,8a910529-6f45-48fc-9c9f-7d739c12f6a8.jpg,checkbox_checked,3
453,453,8b403b86-8380-4ae0-bd71-4eb628cae9d8.jpg,checkbox_checked,3
454,454,8b40c304-8f4e-49cd-9d7a-2f4ee7612758.jpg,checkbox_checked,3
455,455,8b6b32ee-1fd8-4ab1-9839-502360110c5e.jpg,checkbox_checked,3
456,456,8bbb7450-7e36-4e84-b2f5-ab4380525fa8.jpg,checkbox_checked,3
457,457,8c7cca51-30a7-45be-bf5f-4de113922ab2.jpg,checkbox_checked,3
458,458,8ce0b8b9-2a40-42ed-8097-600d9b13cf53.jpg,checkbox_checked,3
459,459,8d84c294-40db-4fb4-a215-f9c23acfe63c.jpg,checkbox_checked,3
460,460,8d8b2cb8-de15-4b5c-a556-1069a5d59e12.jpg,checkbox_checked,3
461,461,8de6e08b-1d65-42f1-8c89-e5737f5c4f6f.jpg,checkbox_checked,3
462,462,8e5dd5c4-01de-4bd6-93ef-f44287d6f91b.jpg,checkbox_checked,3
463,463,8e997aef-c319-4d70-b4ec-7f60b654ffd1.jpg,checkbox_checked,3
464,464,8edbb01d-b939-4541-9773-4715d2fb0df7.jpg,checkbox_checked,3
465,465,8ee802bb-de1a-4a1c-b94f-7ea29cbb8f24.jpg,checkbox_checked,3
466,466,8eed68c0-0189-4c3a-9720-8205931792b8.jpg,checkbox_checked,3
467,467,8f0b064d-a1bb-465d-92d5-babcb8c3c68d.jpg,checkbox_checked,3
468,468,8f7d14a1-b391-45bc-af5a-c87421458dd9.jpg,checkbox_checked,3
469,469,8f9cb378-8659-4880-8013-067ba01da4b4.jpg,checkbox_checked,3
470,470,8f9db795-2869-468c-bf46-2e38ba2ac7b5.jpg,checkbox_checked,3
471,471,8fc6d708-0e16-46a0-a854-0182bc3ae920.jpg,checkbox_checked,3
472,472,901fe1c7-a192-4fac-a900-372a794a6551.jpg,checkbox_checked,3
473,473,909a8c3e-fb36-415d-968d-da57c7594088.jpg,checkbox_checked,3
474,474,90d3c1ac-a285-4c3c-a512-c2d56c7e049f.jpg,checkbox_checked,3
475,475,9128d8e4-735f-4b00-a422-1e7fbdfca460.jpg,checkbox_checked,3
476,476,914d6dd6-6866-45eb-918b-a52d6540b9ad.jpg,checkbox_checked,3
477,477,91695b6d-cec3-49fd-a7d6-f4744c16636b.jpg,checkbox_checked,3
478,478,916cfbc1-1e0a-4a8e-8490-973c03d8e3a9.jpg,checkbox_checked,3
479,479,91ac5a2f-4919-4895-a0fd-b1c377ba4f22.jpg,checkbox_checked,3
480,480,9202f28c-6e8c-4bb6-a396-5209ff3479eb.jpg,checkbox_checked,3
481,481,92283e74-eac4-4292-8928-2e6c5b1a6843.jpg,checkbox_checked,3
482,482,922f30f9-8263-4ed7-aa62-af1089532976.jpg,checkbox_checked,3
483,483,925d52c4-1f5d-4e3a-ba2c-47acf55b8904.jpg,checkbox_checked,3
484,484,925f6288-bc2c-4365-9960-ccd1bd13f13f.jpg,checkbox_checked,3
485,485,92f7091c-df10-43b6-be4a-834e6b69ab53.jpg,checkbox_checked,3
486,486,93012938-1752-4e51-92d0-71b3ce41e1c8.jpg,checkbox_checked,3
487,487,934743ee-5734-4c60-baf1-1ae8d37e1176.jpg,checkbox_checked,3
488,488,93546343-2781-4c22-bd66-12ca16a7bf04.jpg,checkbox_checked,3
489,489,93917284-b70d-4c3b-b68c-0f09588b011a.jpg,checkbox_checked,3
490,490,939d82ab-048e-441d-95e5-3d3136e5c9c9.jpg,checkbox_checked,3
491,491,94614d46-b048-459b-b4c1-90d16251ea47.jpg,checkbox_checked,3
492,492,94757e15-a440-4637-87e5-77ca522a3520.jpg,checkbox_checked,3
493,493,94f1d0ae-0811-4ccf-b915-71f0695a226f.jpg,checkbox_checked,3
494,494,953a61b3-3493-4821-8052-11502e5f6af8.jpg,checkbox_checked,3
495,495,95629a10-0220-4669-a0b8-425874e8ac74.jpg,checkbox_checked,3
496,496,959e0d54-8f90-44f6-98a5-dec41fd7c384.jpg,checkbox_checked,3
497,497,95cd12c8-742d-497c-9e19-8f1ab3332014.jpg,checkbox_checked,3
498,498,960566e0-1a95-4c8c-8743-38bccbb24a66.jpg,checkbox_checked,3
499,499,961bf3ac-4e9d-4250-a856-2278bd26a7fe.jpg,checkbox_checked,3
500,500,96aa9f6a-8ea2-44b8-9c80-f82a73f3d05c.jpg,checkbox_checked,3
501,501,972473df-056c-40d0-8e65-5c40b354693e.jpg,checkbox_checked,3
502,502,973e3e3e-8f41-41ce-a928-92eac9aa08c8.jpg,checkbox_checked,3
503,503,978df9e6-b6db-48e6-8f24-16ff5a090470.jpg,checkbox_checked,3
504,504,9879fe58-943e-40e3-affe-7b0b1f8dd985.jpg,checkbox_checked,3
505,505,998cf414-2299-4a77-a059-159e9ee9dafe.jpg,checkbox_checked,3
506,506,99a34050-8aac-4129-b42b-6844d6f8cf5f.jpg,checkbox_checked,3
507,507,99ac603e-dfd8-437f-8f3c-1d90f3749675.jpg,checkbox_checked,3
508,508,99de8e97-0b01-4bc5-bcb8-be4dadbecd92.jpg,checkbox_checked,3
509,509,9a1bb4a8-75ea-49f5-ae4c-2392a05e29ca.jpg,checkbox_checked,3
510,510,9ae8e04c-f3cd-4008-be6c-1a13c3db7674.jpg,checkbox_checked,3
511,511,9b03f728-3b81-49d9-810b-a7eadb267120.jpg,checkbox_checked,3
512,512,9b3b437f-8ab4-4655-ae74-2bb06dd7b402.jpg,checkbox_checked,3
513,513,9b793d6b-3bab-4630-ac56-96952357239f.jpg,checkbox_checked,3
514,514,9ba61528-00fc-436e-8160-b397c3b84598.jpg,checkbox_checked,3
515,515,9bb11fbc-aadf-4ef9-bc31-bacb47a6b2c8.jpg,checkbox_checked,3
516,516,9c06c05f-36da-44d7-ab8e-948dd76a7db6.jpg,checkbox_checked,3
517,517,9c347d29-c73f-47fe-b773-5c5ae7075c19.jpg,checkbox_checked,3
518,518,9c801a8d-4804-4a93-bb83-ba47270100fb.jpg,checkbox_checked,3
519,519,9cd09aaa-6ca4-46fc-9905-c64cc09150b8.jpg,checkbox_checked,3
520,520,9d4442ef-afc7-4496-b072-ab325145c4e2.jpg,checkbox_checked,3
521,521,9e43d55e-514c-4f4b-8cae-ae17e0561a7a.jpg,checkbox_checked,3
522,522,9e47047f-e89a-4a24-800c-e9a2020f74cd.jpg,checkbox_checked,3
523,523,9e524c12-44fe-41fb-9c60-e9961e6e68d7.jpg,checkbox_checked,3
524,524,9e8ba56f-6c51-4c55-b370-59e7a7a9cc86.jpg,checkbox_checked,3
525,525,9f0d6b80-f5ce-4f55-8557-3bbcd0ee427d.jpg,checkbox_checked,3
526,526,9f453d9d-4fe0-4b6b-b63f-224068822b76.jpg,checkbox_checked,3
527,527,a0094de0-0c7a-4f09-86d8-2526d88ee1a9.jpg,checkbox_checked,3
528,528,a00c27a2-a3d0-4619-972d-03ee38d2edc8.jpg,checkbox_checked,3
529,529,a00ec206-1575-47eb-8700-e72d3e65adce.jpg,checkbox_checked,3
530,530,a09d218f-a7cc-4976-928c-37a91833b48f.jpg,checkbox_checked,3
531,531,a0b253ad-2850-4c38-9a6f-926c433987b4.jpg,checkbox_checked,3
532,532,a0b49698-e904-4d1d-87b8-bd5b1d894bb3.jpg,checkbox_checked,3
533,533,a0c05146-6518-4952-8f4a-c51d2a805ca7.jpg,checkbox_checked,3
534,534,a115b898-26a0-45e4-ad62-f7a8e6b7d83d.jpg,checkbox_checked,3
535,535,a1268f9a-ab34-4406-8f31-61071f867587.jpg,checkbox_checked,3
536,536,a1477e4f-2181-4185-b6ad-4235ee392e19.jpg,checkbox_checked,3
537,537,a1639ba6-52e0-41b1-8168-7a4fa49adabf.jpg,checkbox_checked,3
538,538,a1942bf6-7afc-4032-ba5c-b3d041a4c6eb.jpg,checkbox_checked,3
539,539,a2180a46-0b7b-4663-8756-ec4dd1c57300.jpg,checkbox_checked,3
540,540,a2b7f5f6-4e50-480b-93e1-05be9202ef56.jpg,checkbox_checked,3
541,541,a2d7b4a0-42fc-43ed-9817-17fb52314554.jpg,checkbox_checked,3
542,542,a3ebb82a-341e-41e0-8897-31b6310a2801.jpg,checkbox_checked,3
543,543,a4a7e86b-85d6-4643-984d-4163be1f31ea.jpg,checkbox_checked,3
544,544,a549fac8-b46b-4b4f-a542-973cc2b3cfe2.jpg,checkbox_checked,3
545,545,a575c947-780d-4618-a054-d31aa7b67f82.jpg,checkbox_checked,3
546,546,a5f71c31-e480-4bad-a84b-d4a0cf318ddf.jpg,checkbox_checked,3
547,547,a621cd65-0b12-431b-bae8-f1273bfe89ed.jpg,checkbox_checked,3
548,548,a628c858-5441-45ed-9800-09ca306afdf4.jpg,checkbox_checked,3
549,549,a62b148c-8cfa-41a4-a4d6-2eacef702cb3.jpg,checkbox_checked,3
550,550,a7173828-c33d-4076-b857-5d38cb800d4d.jpg,checkbox_checked,3
551,551,a72f86a5-0d6e-4e5b-bd0e-6f4cba7555ca.jpg,checkbox_checked,3
552,552,a74a077f-6c5e-47e8-accd-b431727a5685.jpg,checkbox_checked,3
553,553,a7a8ec9d-1e41-41ea-a366-51721381ecbf.jpg,checkbox_checked,3
554,554,a7b02475-d8de-4a9d-89d9-7357f0306dff.jpg,checkbox_checked,3
555,555,a827b74f-7ad3-4ce1-9b54-91cba616662a.jpg,checkbox_checked,3
556,556,a873abb5-4c31-4d07-b084-480ee7a0d838.jpg,checkbox_checked,3
557,557,a885e12c-0965-42b3-888f-c961c2145b82.jpg,checkbox_checked,3
558,558,a8f80630-13a5-4769-958d-7981be268254.jpg,checkbox_checked,3
559,559,a9c67cd6-da2f-4b40-8cf5-74f6c0f3c05c.jpg,checkbox_checked,3
560,560,aa0f5235-f792-4fd3-bc0c-db01010c2ac4.jpg,checkbox_checked,3
561,561,aa31eec2-996c-449c-861a-ec60487709c1.jpg,checkbox_checked,3
562,562,ab3f1567-8ce1-4cfa-b351-d6e7efb7fe7c.jpg,checkbox_checked,3
563,563,aba2c056-a1e6-4f7d-8291-4114ac48fdbe.jpg,checkbox_checked,3
564,564,abb107c3-c416-47f2-b69f-b1b965e6d880.jpg,checkbox_checked,3
565,565,abb56a23-0ca2-45d3-90d8-faa4c7049cb3.jpg,checkbox_checked,3
566,566,abe88eb4-9098-4d8b-91cf-891e7afff7d2.jpg,checkbox_checked,3
567,567,ac15fac6-f525-4aef-9fe7-572f40802ee9.jpg,checkbox_checked,3
568,568,acab6faa-fb59-42af-8e0a-b918418b27f5.jpg,checkbox_checked,3
569,569,acce5790-b75f-40f0-9e24-3d46cf3075b2.jpg,checkbox_checked,3
570,570,ad969e77-ed9b-4c0b-8881-e5ada5c87aa2.jpg,checkbox_checked,3
571,571,add889d5-04c0-496f-9d43-f94c78944e1d.jpg,checkbox_checked,3
572,572,ae01d479-d073-40f2-b638-b2fde1abccb4.jpg,checkbox_checked,3
573,573,ae08529f-889d-4e4d-a4b3-cd1c25e64509.jpg,checkbox_checked,3
574,574,af5b9d97-f852-4f62-8284-cfaf008da8d8.jpg,checkbox_checked,3
575,575,afae2456-2879-4c97-8433-ff896abb24f3.jpg,checkbox_checked,3
576,576,afb75694-ead0-4e51-b5c3-3c18f2229eda.jpg,checkbox_checked,3
577,577,afe55e39-daa5-41c9-b3ac-91b77cd1aa5c.jpg,checkbox_checked,3
578,578,b0518410-6366-487d-a237-936f6dde89fd.jpg,checkbox_checked,3
579,579,b05b8178-dbfc-4623-b4a8-b05aa3256eef.jpg,checkbox_checked,3
580,580,b081a22a-0b96-4102-80e9-20ac30750795.jpg,checkbox_checked,3
581,581,b121b572-e37a-4755-8993-2fdf9701dd81.jpg,checkbox_checked,3
582,582,b1b8e3f6-28b3-4549-8ad5-bea2fdc54b27.jpg,checkbox_checked,3
583,583,b1f81882-06dd-47a4-81c4-4ae01a49ad29.jpg,checkbox_checked,3
584,584,b23313ca-abd3-4431-9e0e-e855fced34fd.jpg,checkbox_checked,3
585,585,b2c27b50-885b-42c7-aec0-38d9a81f3c5c.jpg,checkbox_checked,3
586,586,b4718d71-548f-4b8a-a2b8-078d9f20933c.jpg,checkbox_checked,3
587,587,b4b2f744-9a82-4eb7-a5d8-abd6ecdc8e53.jpg,checkbox_checked,3
588,588,b5129959-352a-4540-91eb-96e6809797f1.jpg,checkbox_checked,3
589,589,b5c2bc6a-47b2-4142-a7e4-afc6f988b1b0.jpg,checkbox_checked,3
590,590,b60d2d9c-4491-45d2-a09c-57bc0fbe5615.jpg,checkbox_checked,3
591,591,b677adf3-0818-44f7-98aa-d29775f3913d.jpg,checkbox_checked,3
592,592,b6973d63-54ce-49da-a15f-1e81310242aa.jpg,checkbox_checked,3
593,593,b6a5a197-43d2-49f1-8d1f-15ca3c8e412f.jpg,checkbox_checked,3
594,594,b77774c1-08ca-41b8-a4db-2a826e6b26a9.jpg,checkbox_checked,3
595,595,b7eb41e6-7221-48fa-ac7c-e4e7eb5ff6da.jpg,checkbox_checked,3
596,596,b84d540b-b244-48b6-9d03-21237ae65b1c.jpg,checkbox_checked,3
597,597,b84f36f0-b479-4fec-b85f-c4fb789a3e51.jpg,checkbox_checked,3
598,598,b9b6e961-9947-40fd-acb7-7e2eac2df4f0.jpg,checkbox_checked,3
599,599,b9d4fd6d-733b-4fcc-bd0d-48efbb22a9a1.jpg,checkbox_checked,3
600,600,ba060f59-66bc-4566-aea5-d1eebbbbd22b.jpg,checkbox_checked,3
601,601,ba2721cc-f515-48f5-99a3-80102895c356.jpg,checkbox_checked,3
602,602,ba6619d6-d7b5-4639-b0c5-ec94f7919c46.jpg,checkbox_checked,3
603,603,ba7beb26-fe25-456b-9643-b73e5a5b5466.jpg,checkbox_checked,3
604,604,baf9226e-dbec-47ef-aa68-1221a54d9360.jpg,checkbox_checked,3
605,605,bb144e9b-d2ee-42e1-889c-25cfb0ab5f22.jpg,checkbox_checked,3
606,606,bb7f6866-7b5b-4613-b3bc-e9e1fa89d7e7.jpg,checkbox_checked,3
607,607,bb874349-94b4-4682-9c2b-439f0ede7143.jpg,checkbox_checked,3
608,608,bbc942b6-5d82-4aa1-ae2a-41a14f275d8f.jpg,checkbox_checked,3
609,609,bbdb15b2-492e-42af-bae5-48347a6bb481.jpg,checkbox_checked,3
610,610,bd2418a0-f271-4e0e-9fb5-41ce4d64292b.jpg,checkbox_checked,3
611,611,bd52ad3c-5997-47ec-acaf-1a07526576f5.jpg,checkbox_checked,3
612,612,bdb3af97-316b-4ae5-8ffe-3786c889b161.jpg,checkbox_checked,3
613,613,bdc0bcb7-b2a1-4bdd-94e4-ee82f8260745.jpg,checkbox_checked,3
614,614,bdf84409-adf0-489c-9b59-9719bf2b5b89.jpg,checkbox_checked,3
615,615,be074431-ef06-41a7-be69-d4d170925610.jpg,checkbox_checked,3
616,616,be5f448a-06d6-4cd7-97f6-9f8022fe2238.jpg,checkbox_checked,3
617,617,beb0aae9-e5b4-47d5-8297-b5b7dc27ff35.jpg,checkbox_checked,3
618,618,befded90-cd27-47ca-b85a-b4af4cc3ce28.jpg,checkbox_checked,3
619,619,bf3b927a-141e-4532-9b95-7e03640ecd0c.jpg,checkbox_checked,3
620,620,bf97f6eb-6ef6-47e5-beb3-400e8f334abe.jpg,checkbox_checked,3
621,621,bff494eb-678c-41cf-a7cf-aa85e4c694f7.jpg,checkbox_checked,3
622,622,c09910ad-2fcd-44ba-925c-fbd86b7426a3.jpg,checkbox_checked,3
623,623,c0a711b6-cd4c-4ced-83ea-e7fd5a6e986f.jpg,checkbox_checked,3
624,624,c123e92e-5a1e-466d-8e7c-1baf0968b3bf.jpg,checkbox_checked,3
625,625,c1c4ecd6-9344-44b2-bd82-e146c8227c87.jpg,checkbox_checked,3
626,626,c1d05e6d-cd45-4426-b247-5fca6f50c11c.jpg,checkbox_checked,3
627,627,c238c012-2128-4d2c-95f1-9bcf0670f805.jpg,checkbox_checked,3
628,628,c26ef24b-88eb-4009-af6c-84605bcb35c4.jpg,checkbox_checked,3
629,629,c2d85dce-2e3f-4bf9-94ce-28c5858fc57f.jpg,checkbox_checked,3
630,630,c3148d50-1f50-4bf1-8f4b-35161aac016b.jpg,checkbox_checked,3
631,631,c32320e4-0c12-4d7c-a0d1-b1ef22a41894.jpg,checkbox_checked,3
632,632,c34d7d78-9a84-4239-bbab-adabfce16a27.jpg,checkbox_checked,3
633,633,c355a47f-f1f6-4759-ab50-85038c34b056.jpg,checkbox_checked,3
634,634,c3609d51-da6c-43ec-ad57-d6793ae7b60f.jpg,checkbox_checked,3
635,635,c3a47b97-a758-476d-ae61-82365220e180.jpg,checkbox_checked,3
636,636,c4a0e9a2-b3b0-4b7d-b45a-915451794e7f.jpg,checkbox_checked,3
637,637,c4fb3f16-b6cc-4859-b196-15f62cc2c5cd.jpg,checkbox_checked,3
638,638,c521f9d2-c985-45f7-8b22-5ad96bc9da65.jpg,checkbox_checked,3
639,639,c584cfdc-d1d1-43e4-a7d9-988a449a9112.jpg,checkbox_checked,3
640,640,c7839afe-eae9-49bc-b60a-042439d6e7bb.jpg,checkbox_checked,3
641,641,c7b95f31-4ba6-41fd-9847-3ebe07ac2ac3.jpg,checkbox_checked,3
642,642,c91de3b3-4136-4b97-8b12-686b5a99c606.jpg,checkbox_checked,3
643,643,c929d345-7d13-4bda-bab7-484116fcec9a.jpg,checkbox_checked,3
644,644,c9c3f5e1-1b00-4f89-b7c2-18334999dc98.jpg,checkbox_checked,3
645,645,ca3a7b48-086d-4f48-bad1-607617069e6f.jpg,checkbox_checked,3
646,646,ca6839d5-0db7-474a-9169-281b4e337644.jpg,checkbox_checked,3
647,647,ca7eaa41-fae2-49f7-a0c4-c066d4723cb1.jpg,checkbox_checked,3
648,648,ca7f2e05-2e56-4acf-b27a-55b694984cfc.jpg,checkbox_checked,3
649,649,cb8b073f-3412-4734-8a57-10446bb2ea15.jpg,checkbox_checked,3
650,650,cbb149c4-7836-4ade-9785-7ba0fa84cd68.jpg,checkbox_checked,3
651,651,cc990a18-6d05-423b-8a33-f8acdd78c542.jpg,checkbox_checked,3
652,652,ccc4607a-996e-4db1-a056-b8ea65a009aa.jpg,checkbox_checked,3
653,653,cccc370f-cdfa-40dd-92f0-7f03fb29059a.jpg,checkbox_checked,3
654,654,ccfcc5c9-d19b-4194-9239-31b1810c7be0.jpg,checkbox_checked,3
655,655,cd48bf10-4759-432a-b246-5f194b600948.jpg,checkbox_checked,3
656,656,cd4c4cb6-b433-46b6-b4f9-cea0b9dd6958.jpg,checkbox_checked,3
657,657,cdb8319a-a57d-4f97-bdf9-ca1830b84f8e.jpg,checkbox_checked,3
658,658,cddf0016-3241-44b2-b20b-787bbed20a07.jpg,checkbox_checked,3
659,659,ce1655ce-e2b6-4967-8bd6-67c361822700.jpg,checkbox_checked,3
660,660,ce790ba6-0cfd-40e3-876b-3feae54c835a.jpg,checkbox_checked,3
661,661,cf626aa6-585a-4616-a8ee-23718bfdb7d7.jpg,checkbox_checked,3
662,662,cf93e870-686d-44ab-aa2b-0946f9a7e41b.jpg,checkbox_checked,3
663,663,cf9623b6-bd5c-4050-bc31-0fcfa36bfbe1.jpg,checkbox_checked,3
664,664,d020d60b-7490-49b5-b4e7-75557d548c1c.jpg,checkbox_checked,3
665,665,d0629bfe-4b2f-4a3a-84d3-038de86f218a.jpg,checkbox_checked,3
666,666,d1294d63-60d6-40b8-ba74-20abda176566.jpg,checkbox_checked,3
667,667,d1953a0e-4ffb-437f-8200-c9d1dd1f8f37.jpg,checkbox_checked,3
668,668,d1ba6963-e807-44e0-a564-d449c3596149.jpg,checkbox_checked,3
669,669,d1bf7b1b-762f-49ed-bbe4-df16abead790.jpg,checkbox_checked,3
670,670,d22061f8-01d0-4d31-b233-31ae9a00aecd.jpg,checkbox_checked,3
671,671,d2580ee8-33ca-45c2-82c6-0fab1a56bb87.jpg,checkbox_checked,3
672,672,d2af12ea-aee0-4c99-8be6-7121a9f95533.jpg,checkbox_checked,3
673,673,d2b4e3a8-5db8-419c-8a0c-bd3f6a983e37.jpg,checkbox_checked,3
674,674,d2be3499-8a93-4bf8-8c34-2558b4284f1b.jpg,checkbox_checked,3
675,675,d37981ca-d532-4ce9-987d-63614895e5ee.jpg,checkbox_checked,3
676,676,d3c08f69-b42e-4b44-a68d-1e60342928f5.jpg,checkbox_checked,3
677,677,d3d153f0-49f0-48e1-9712-19dfd09836a6.jpg,checkbox_checked,3
678,678,d4472fd8-be68-4700-99f8-e6516dee028c.jpg,checkbox_checked,3
679,679,d51b4e4f-afa2-43a8-aaa8-54f0d5ca3d9a.jpg,checkbox_checked,3
680,680,d5634287-7518-4ddd-9f18-ab07d6e39c53.jpg,checkbox_checked,3
681,681,d5684f53-819f-4c2f-a8e7-f0537a996b1b.jpg,checkbox_checked,3
682,682,d5f0d673-fe42-45f0-a298-4079dfe82661.jpg,checkbox_checked,3
683,683,d68a2089-9c43-458e-b458-4eb3f11c7245.jpg,checkbox_checked,3
684,684,d6d49a63-c8b6-482f-a84d-82e3c5d0bf3a.jpg,checkbox_checked,3
685,685,d6d500cc-e480-48d7-a253-ba3eca95d8c9.jpg,checkbox_checked,3
686,686,d6f6998e-bb6f-4d22-b03a-d33ba5a87b5f.jpg,checkbox_checked,3
687,687,d78d246f-ee55-4321-80a2-cb23f0f62fb0.jpg,checkbox_checked,3
688,688,d7905890-e3a3-4de1-9ed7-fd520d005035.jpg,checkbox_checked,3
689,689,d8507bb4-10a3-4547-8395-4d0d73f720b6.jpg,checkbox_checked,3
690,690,d8c87575-6dc3-4f76-8f54-dd3aba68c66b.jpg,checkbox_checked,3
691,691,d8cc1eac-4d9e-4d84-8e02-92ca6669d820.jpg,checkbox_checked,3
692,692,d8e0ac4b-38c5-4e66-a5c0-b97d7d332941.jpg,checkbox_checked,3
693,693,d8fa448b-7edf-4430-93c3-dcd325250d14.jpg,checkbox_checked,3
694,694,d927433a-6b9a-4140-998a-31dd1acf5f3a.jpg,checkbox_checked,3
695,695,da062501-5bfd-403c-8e2f-20444aea12a4.jpg,checkbox_checked,3
696,696,da4a481b-b3c8-47c0-a6d9-6e5b07b8f727.jpg,checkbox_checked,3
697,697,da6d56f2-237d-40a3-a5e2-fb54f87f3023.jpg,checkbox_checked,3
698,698,db1a37ea-5bfb-4c5d-b585-ed10df732aff.jpg,checkbox_checked,3
699,699,dbc3bfba-6b00-4f24-87e2-43a2e3883e05.jpg,checkbox_checked,3
700,700,dbec096d-df87-4713-8804-d0bd81a8911f.jpg,checkbox_checked,3
701,701,dbfcf76f-fc01-49ee-8a82-bc51d7480980.jpg,checkbox_checked,3
702,702,dc5305d9-3460-4923-a0e8-b446e6a3c113.jpg,checkbox_checked,3
703,703,dc60cf23-03e2-4e21-a9e7-e645c224e8ce.jpg,checkbox_checked,3
704,704,dd235dc1-1462-45e3-b17f-e7a6909415b4.jpg,checkbox_checked,3
705,705,dd405c78-c3a2-47c6-b48f-23b3faca9981.jpg,checkbox_checked,3
706,706,dd8d6a20-232f-47d8-9a0a-36dfb0400db8.jpg,checkbox_checked,3
707,707,ddc3bc13-f3ae-4260-a627-42b7ddf0c002.jpg,checkbox_checked,3
708,708,ddd1305e-8ff8-41db-bb25-dd6eebf0f68e.jpg,checkbox_checked,3
709,709,de64176c-c66d-43ec-b216-69b33a37ae09.jpg,checkbox_checked,3
710,710,de7e9033-b5c5-4144-a049-cb0fb8eebda1.jpg,checkbox_checked,3
711,711,deb5530a-8b63-4e37-ac22-f54a75353eaf.jpg,checkbox_checked,3
712,712,dedbb784-ffc2-4963-b26d-c498396ed536.jpg,checkbox_checked,3
713,713,df61cfa4-fd8c-4da3-aa01-5fbb18ddf4f5.jpg,checkbox_checked,3
714,714,df8b26a5-8c74-4781-a727-18c0e2eb6405.jpg,checkbox_checked,3
715,715,dfd87755-28cc-4dda-ba50-d827eef4778c.jpg,checkbox_checked,3
716,716,e0058e71-f84c-46d6-8f78-7dadad6fe2ea.jpg,checkbox_checked,3
717,717,e0bfe0d3-2615-4f8c-9bff-890512b92e6e.jpg,checkbox_checked,3
718,718,e14ea60d-3be6-4060-a88c-fc79f89775d4.jpg,checkbox_checked,3
719,719,e203605c-bdbd-46a2-b6db-73afa348c44c.jpg,checkbox_checked,3
720,720,e27f06f2-4854-4517-b050-aacead03412d.jpg,checkbox_checked,3
721,721,e29fd5cd-66ea-4694-aec2-8f3bbb0fc7ac.jpg,checkbox_checked,3
722,722,e2fbe78c-09f7-4f1f-a953-061486802f96.jpg,checkbox_checked,3
723,723,e3598e5d-2ace-45d6-bee3-e9a763cc62a9.jpg,checkbox_checked,3
724,724,e361ed28-fee3-41dd-9b70-61485cdee189.jpg,checkbox_checked,3
725,725,e370ab4e-01d2-4724-8350-9629c5c16120.jpg,checkbox_checked,3
726,726,e380116a-d0f5-4769-b47c-e7650cdd5ecb.jpg,checkbox_checked,3
727,727,e3de6cb3-df77-415b-a5ed-6f3b47cee019.jpg,checkbox_checked,3
728,728,e3def7da-7f7a-47e6-8e2f-031481c20abc.jpg,checkbox_checked,3
729,729,e44f2928-9dc0-4fd5-8347-a31a08760993.jpg,checkbox_checked,3
730,730,e4a03110-938b-4b32-9671-022ff2167098.jpg,checkbox_checked,3
731,731,e5605e6f-1463-41ae-baee-f6b6084d3aa6.jpg,checkbox_checked,3
732,732,e5d2711a-5fa2-4044-aabe-9aba573822fc.jpg,checkbox_checked,3
733,733,e5d75ff1-dbec-4da3-9a1d-9a56543c0b9c.jpg,checkbox_checked,3
734,734,e5e07ae2-ee43-4445-aa73-ba598a62d2f1.jpg,checkbox_checked,3
735,735,e6a22967-ad99-43d4-bfda-e56d34706902.jpg,checkbox_checked,3
736,736,e6c16a56-0c1b-495b-8318-229818f8b5e4.jpg,checkbox_checked,3
737,737,e6f8a781-8fc6-4836-888c-34147005c006.jpg,checkbox_checked,3
738,738,e7134d41-46ba-431f-bad4-3dc44b2c7ab9.jpg,checkbox_checked,3
739,739,e74fc758-0362-4fa3-a066-a098b6c39f98.jpg,checkbox_checked,3
740,740,e7678a0d-daeb-45ce-9e9f-f4152e81ffd9.jpg,checkbox_checked,3
741,741,e772077e-a476-4b3e-beeb-7402e221ed49.jpg,checkbox_checked,3
742,742,e7bb0a2a-07c3-4513-848f-78f6e829b196.jpg,checkbox_checked,3
743,743,e7cda3a7-e9ea-44bc-b362-65dc190d2475.jpg,checkbox_checked,3
744,744,e7eb7d6c-80a9-45df-9ad2-e71e9d193c6a.jpg,checkbox_checked,3
745,745,e80de383-e82b-49ef-be40-6f7299c1c35c.jpg,checkbox_checked,3
746,746,e889b892-eab2-46e2-bed1-bd2b6efdc121.jpg,checkbox_checked,3
747,747,e8951786-272d-488d-8bbc-3582a8ba41a5.jpg,checkbox_checked,3
748,748,e8b73914-151c-41a9-82f4-1bf00ae29e79.jpg,checkbox_checked,3
749,749,e8dd8060-ed2c-4aac-aef5-bd61d833f1c0.jpg,checkbox_checked,3
750,750,e97fe6c5-6fb7-4fbe-b7ad-0892f3c6da9d.jpg,checkbox_checked,3
751,751,e9c639d0-4c76-4959-95bf-a03085736032.jpg,checkbox_checked,3
752,752,e9e13cea-6f71-44e9-9062-5f82048034c8.jpg,checkbox_checked,3
753,753,ea4b16e0-c765-4452-8401-6b10589abd47.jpg,checkbox_checked,3
754,754,ea663641-0276-4b4e-bf91-d95b7992d331.jpg,checkbox_checked,3
755,755,ea9e2a6b-8ee8-47ba-8f1b-b274f562024d.jpg,checkbox_checked,3
756,756,ead8d658-cf81-4553-bbc6-fbc6173658b4.jpg,checkbox_checked,3
757,757,ebce6d59-a4bf-4135-bf54-efc60bc54c98.jpg,checkbox_checked,3
758,758,ebe72573-9dd9-427a-8fc6-9cb4c7f50639.jpg,checkbox_checked,3
759,759,ec1fc342-550f-4996-a27b-bf73e5a56766.jpg,checkbox_checked,3
760,760,edd43e15-df74-440c-af50-a27881b8c3b8.jpg,checkbox_checked,3
761,761,ee8dfbb3-a5e5-48dd-b7a0-0047e960c9cd.jpg,checkbox_checked,3
762,762,eec45a05-ae47-4584-8959-8ad0b02c775d.jpg,checkbox_checked,3
763,763,eed81ab9-2b8e-4d27-8f8c-c6415cda44a3.jpg,checkbox_checked,3
764,764,ef34047f-a828-4655-860f-cef53413df23.jpg,checkbox_checked,3
765,765,ef6af355-431b-46cf-a6a6-ac3718d2f566.jpg,checkbox_checked,3
766,766,efc1883b-bfd3-4da8-9991-c0dbff940ea0.jpg,checkbox_checked,3
767,767,efff5136-6e75-4453-b40a-08feb0c9cc43.jpg,checkbox_checked,3
768,768,f0b595b8-ed53-4454-a81e-b5ed539a2db2.jpg,checkbox_checked,3
769,769,f1166beb-0334-42a6-aaad-7692ce0d7e32.jpg,checkbox_checked,3
770,770,f13e6b61-2777-4fd7-8c3d-79eda53f0da5.jpg,checkbox_checked,3
771,771,f161667f-6263-439d-8a2b-cabe72d4cca5.jpg,checkbox_checked,3
772,772,f183bc29-f45b-4ec3-9580-f41b90042e00.jpg,checkbox_checked,3
773,773,f1e8dddf-211b-43b9-a0d6-510a47647329.jpg,checkbox_checked,3
774,774,f1efaf53-0b3b-41a2-92cd-bd9a9443a537.jpg,checkbox_checked,3
775,775,f26619ac-ddfb-4e37-bcc2-e26d717e827d.jpg,checkbox_checked,3
776,776,f26e78f9-c4bd-4b70-8817-f3dfdd0b38ce.jpg,checkbox_checked,3
777,777,f2949762-50c7-4bfb-99fb-c31f71af6fd8.jpg,checkbox_checked,3
778,778,f2ab9cbd-aecd-4398-9be8-aa3deb8f40e6.jpg,checkbox_checked,3
779,779,f2c10b9b-4d81-4f94-9a1f-b754a8eb6784.jpg,checkbox_checked,3
780,780,f2d722de-a8a9-44e7-9355-b0a87923a0d4.jpg,checkbox_checked,3
781,781,f3647d08-b655-4e47-9fb5-806b863b4c36.jpg,checkbox_checked,3
782,782,f369e809-3d79-4fd1-8819-ee430c1c4304.jpg,checkbox_checked,3
783,783,f3a21c0b-0b63-4518-8e0a-e3eae65dfbab.jpg,checkbox_checked,3
784,784,f3ba3a7d-6649-4d48-a7eb-c58e07d8b179.jpg,checkbox_checked,3
785,785,f445bbe0-698d-48f6-9b5c-2ab4b8249451.jpg,checkbox_checked,3
786,786,f4823dea-4b61-428b-9115-c961017ab176.jpg,checkbox_checked,3
787,787,f534a566-8e0e-49cd-aae9-e68d3933c3fd.jpg,checkbox_checked,3
788,788,f5391888-4525-43de-acaa-40cadebcbaea.jpg,checkbox_checked,3
789,789,f58afccf-1c37-4e9c-bfc4-3814d5a32cd9.jpg,checkbox_checked,3
790,790,f5a29f58-105d-4107-945e-4840d40e2696.jpg,checkbox_checked,3
791,791,f5ab9540-f41c-4399-9fa1-9c13da58bb9b.jpg,checkbox_checked,3
792,792,f625f13a-2c9a-4eb1-9238-41ee9b1638ac.jpg,checkbox_checked,3
793,793,f627cd71-d9f8-41c4-b49e-cba7c5dd9b36.jpg,checkbox_checked,3
794,794,f63888f2-b0a1-49c5-94b4-ea7d6f79d481.jpg,checkbox_checked,3
795,795,f673bc60-824c-4767-97c7-c1fd4d758071.jpg,checkbox_checked,3
796,796,f7c85fd6-0e66-4557-b0a0-3892653f9c83.jpg,checkbox_checked,3
797,797,f7f32499-7da8-4c1b-a5f6-8175d45dc462.jpg,checkbox_checked,3
798,798,f80b2911-af4f-4ae4-bfbd-fd04a74d20c0.jpg,checkbox_checked,3
799,799,f8692ee3-68eb-43e9-a617-619299a0ce5f.jpg,checkbox_checked,3
800,800,f8b3e0c5-bc2a-4a52-bfc7-c78dd147e71d.jpg,checkbox_checked,3
801,801,f906084d-bf39-4b33-a435-03bbad87d01a.jpg,checkbox_checked,3
802,802,f95ae787-dee2-4a8b-aae2-8d3051f24483.jpg,checkbox_checked,3
803,803,f9de2403-2081-45c7-ae1e-b4498ce813f9.jpg,checkbox_checked,3
804,804,fb056565-a636-4f00-bc28-40eb9a4d7ddb.jpg,checkbox_checked,3
805,805,fb12d308-a615-42fd-b744-86cb9ad266e3.jpg,checkbox_checked,3
806,806,fb51dd0c-f16d-4ea4-b14d-2480abc550da.jpg,checkbox_checked,3
807,807,fb791132-be95-4b7d-9f5a-83b6b6d4c003.jpg,checkbox_checked,3
808,808,fbd1979d-de94-4242-8457-992b9f4eb620.jpg,checkbox_checked,3
809,809,fc021584-cb83-4e65-a9dd-cc31210b06f7.jpg,checkbox_checked,3
810,810,fc13e18d-dd5c-4b90-93ae-d7b53df2fd57.jpg,checkbox_checked,3
811,811,fc6fac1c-6750-4e0e-aac9-24ad095d5d90.jpg,checkbox_checked,3
812,812,fc97c863-110f-49f8-af81-40ac9a6a6175.jpg,checkbox_checked,3
813,813,fcb3da54-ade7-48ac-b098-79061bbf5116.jpg,checkbox_checked,3
814,814,fcc2dd0e-f190-49da-946e-913ad7ea2af3.jpg,checkbox_checked,3
815,815,fce11ed5-4f65-481f-9afc-7c389bb1cbb7.jpg,checkbox_checked,3
816,816,fda420dc-0326-4a49-967a-b095a2ba1ad9.jpg,checkbox_checked,3
817,817,fdaf98d8-5b17-438f-8f48-bf1a7ea52229.jpg,checkbox_checked,3
818,818,fe1f5985-3add-4640-b1c3-479368f3a2e3.jpg,checkbox_checked,3
819,819,fe467bf4-f77d-4309-8923-f25a05eb4d40.jpg,checkbox_checked,3
820,820,fe7aa224-3517-49eb-b17d-4547848b098e.jpg,checkbox_checked,3
821,821,fe8bc451-d392-4313-8767-803133681cc4.jpg,checkbox_checked,3
822,822,feaa6327-8dc0-4f14-a7fa-9db6f1ca11fb.jpg,checkbox_checked,3
823,823,feb9e446-ba9e-41b9-a54a-b04adc682791.jpg,checkbox_checked,3
824,824,febaeb80-a07e-470b-9837-faae87bc2816.jpg,checkbox_checked,3
825,825,fee1deb6-1a6d-47d9-ab19-89d03674ad3b.jpg,checkbox_checked,3
826,826,ff19d2e6-079c-4abd-b3f4-c5986d0b0e6f.jpg,checkbox_checked,3
827,827,ff2ed256-bf47-4a1c-a9ad-ec2d0edd8113.jpg,checkbox_checked,3
828,828,ffc40266-38e3-4699-86ee-04231631e1ff.jpg,checkbox_checked,3
829,829,fffb547a-caa4-4138-9552-96ded4e3bc60.jpg,checkbox_checked,3
